<?xml version="1.0" encoding="UTF-8"?>
<project-private xmlns="http://www.netbeans.org/ns/project-private/1">
    <editor-bookmarks xmlns="http://www.netbeans.org/ns/editor-bookmarks/2" lastBookmarkId="0"/>
    <open-files xmlns="http://www.netbeans.org/ns/projectui-open-files/2">
        <group>
            <file>file:/C:/Users/Nero/OneDrive/Desktop/Bachelor%20of%20Computer%20Science%20with%20Honours%20(%20Software%20Engineering%20)/Semester%204/CSE3023%20-%20Web-Based%20Application%20Development/Assignment/CSE3953/web/manageAppointment.jsp</file>
            <file>file:/C:/Users/Nero/OneDrive/Desktop/Bachelor%20of%20Computer%20Science%20with%20Honours%20(%20Software%20Engineering%20)/Semester%204/CSE3023%20-%20Web-Based%20Application%20Development/Assignment/CSE3953/src/java/com/DAO/DoctorDAO.java</file>
            <file>file:/C:/Users/Nero/OneDrive/Desktop/Bachelor%20of%20Computer%20Science%20with%20Honours%20(%20Software%20Engineering%20)/Semester%204/CSE3023%20-%20Web-Based%20Application%20Development/Assignment/CSE3953/web/viewAppointment.jsp</file>
            <file>file:/C:/Users/Nero/OneDrive/Desktop/Bachelor%20of%20Computer%20Science%20with%20Honours%20(%20Software%20Engineering%20)/Semester%204/CSE3023%20-%20Web-Based%20Application%20Development/Assignment/CSE3953/src/java/com/WEB/PatientServlet.java</file>
            <file>file:/C:/Users/Nero/OneDrive/Desktop/Bachelor%20of%20Computer%20Science%20with%20Honours%20(%20Software%20Engineering%20)/Semester%204/CSE3023%20-%20Web-Based%20Application%20Development/Assignment/CSE3953/src/java/com/WEB/StaffServlet.java</file>
            <file>file:/C:/Users/Nero/OneDrive/Desktop/Bachelor%20of%20Computer%20Science%20with%20Honours%20(%20Software%20Engineering%20)/Semester%204/CSE3023%20-%20Web-Based%20Application%20Development/Assignment/CSE3953/src/java/com/DAO/PatientDAO.java</file>
            <file>file:/C:/Users/Nero/OneDrive/Desktop/Bachelor%20of%20Computer%20Science%20with%20Honours%20(%20Software%20Engineering%20)/Semester%204/CSE3023%20-%20Web-Based%20Application%20Development/Assignment/CSE3953/src/java/com/DAO/RecordDAO.java</file>
            <file>file:/C:/Users/Nero/OneDrive/Desktop/Bachelor%20of%20Computer%20Science%20with%20Honours%20(%20Software%20Engineering%20)/Semester%204/CSE3023%20-%20Web-Based%20Application%20Development/Assignment/CSE3953/web/account.jsp</file>
        </group>
    </open-files>
</project-private>
